feature,importance
rolling_3,0.973819968781868
lag_1,0.013989539645519128
rolling_7,0.008597065673622154
lag_3,0.0014800818120968792
lag_7,0.0013863527267212912
day_of_week,0.0005188369192611443
month,0.00020815444091142965
